,url_product,image
0,https://www.jumbo.cl/toallitas-humedas-emuline-2-paquetes-80-unid/p,https://jumbo.vteximg.com.br/arquivos/ids/397286-360-360?width=360&height=360&aspect=true
1,https://www.jumbo.cl/colado-org-smiley-kids-man-per-can-90gr-1883864/p,https://jumbo.vteximg.com.br/arquivos/ids/444644-360-360?width=360&height=360&aspect=true
2,https://www.jumbo.cl/picado-nestle-pastel-de-choclo-receta-casera-250-g/p,https://jumbo.vteximg.com.br/arquivos/ids/356413-360-360?width=360&height=360&aspect=true
3,https://www.jumbo.cl/colado-de-pavo-nestle-frasco-215-g-creciditos-con-verduras-etapa-3-2/p,https://jumbo.vteximg.com.br/arquivos/ids/414979-360-360?width=360&height=360&aspect=true
4,https://www.jumbo.cl/limpiador-biberones-pigeon-650-ml-recarga-2/p,https://jumbo.vteximg.com.br/arquivos/ids/340348-360-360?width=360&height=360&aspect=true
5,https://www.jumbo.cl/galleta-arroz-baby-mum-mum-tropi-org-50g-1895050/p,https://jumbo.vteximg.com.br/arquivos/ids/499350-360-360?width=360&height=360&aspect=true
6,https://www.jumbo.cl/colado-de-garbanzos-215-g/p,https://jumbo.vteximg.com.br/arquivos/ids/346124-360-360?width=360&height=360&aspect=true
7,https://www.jumbo.cl/panal-natural-care-xxg-120-un/p,https://jumbo.vteximg.com.br/arquivos/ids/477402-360-360?width=360&height=360&aspect=true
8,https://www.jumbo.cl/t-hum-huggies-triple-proteccion-48un-1930956/p,https://jumbo.vteximg.com.br/arquivos/ids/496046-360-360?width=360&height=360&aspect=true
9,https://www.jumbo.cl/leche-semidescremada-nestle-nido-5-mayores-de-5-anos-defensas-huesos-fuertes-con-lactobacillus-protectus-vitaminas-y-minerales-lata-16-kg-2/p,https://jumbo.vteximg.com.br/arquivos/ids/483198-360-360?width=360&height=360&aspect=true
10,https://www.jumbo.cl/panal-pampers-pure-p-m-29un/p,https://jumbo.vteximg.com.br/arquivos/ids/503691-360-360?width=360&height=360&aspect=true
11,https://www.jumbo.cl/set-2-bodys-manga-corta-dinosaurios-patitas-zeukid-talla-3-6m-1901099/p,https://jumbo.vteximg.com.br/arquivos/ids/493977-360-360?width=360&height=360&aspect=true
12,https://www.jumbo.cl/set-2-bodys-manga-corta-frutas-patitas-zeukid-talla-12-18m-1901096/p,https://jumbo.vteximg.com.br/arquivos/ids/493961-360-360?width=360&height=360&aspect=true
13,https://www.jumbo.cl/perfume-frozen-disney-50ml-1918715/p,https://jumbo.vteximg.com.br/arquivos/ids/495840-360-360?width=360&height=360&aspect=true
14,https://www.jumbo.cl/panales-premium-care-recien-nacido-56-un/p,https://jumbo.vteximg.com.br/arquivos/ids/505915-360-360?width=360&height=360&aspect=true
15,https://www.jumbo.cl/frazada-bambino-bordada-coral/p,https://jumbo.vteximg.com.br/arquivos/ids/438385-360-360?width=360&height=360&aspect=true
16,https://www.jumbo.cl/mamadera-nuk-300-ml-first-choice-diseno-mickey/p,https://jumbo.vteximg.com.br/arquivos/ids/270610-360-360?width=360&height=360&aspect=true
17,https://www.jumbo.cl/leche-especial-glucerna-237-ml-sr-suplemento/p,https://jumbo.vteximg.com.br/arquivos/ids/340376-360-360?width=360&height=360&aspect=true
18,https://www.jumbo.cl/arvejas-tiernas-la-crianza-bolsa-400-g-congelado-premium-2/p,https://jumbo.vteximg.com.br/arquivos/ids/366257-360-360?width=360&height=360&aspect=true
19,https://www.jumbo.cl/nuggets-de-pollo-ready-400-g-cuisine-and-co-1850676/p,https://jumbo.vteximg.com.br/arquivos/ids/413319-360-360?width=360&height=360&aspect=true
20,https://www.jumbo.cl/hamburguesa-de-lentejas-400-g/p,https://jumbo.vteximg.com.br/arquivos/ids/325210-360-360?width=360&height=360&aspect=true
21,https://www.jumbo.cl/waffle-homestyle-zole-350g/p,https://jumbo.vteximg.com.br/arquivos/ids/324193-360-360?width=360&height=360&aspect=true
22,https://www.jumbo.cl/brocoli-congelado-500-g-cuisine-and-co-1763685/p,https://jumbo.vteximg.com.br/arquivos/ids/426784-360-360?width=360&height=360&aspect=true
23,https://www.jumbo.cl/churrasco-de-vacuno-congelado-120-g-cuisine-and-co-1785262/p,https://jumbo.vteximg.com.br/arquivos/ids/426797-360-360?width=360&height=360&aspect=true
24,https://www.jumbo.cl/pizzeta-napolitana-congelada-440-g-cuisine-and-co-1772244/p,https://jumbo.vteximg.com.br/arquivos/ids/409941-360-360?width=360&height=360&aspect=true
25,https://www.jumbo.cl/hamburguesa-beyond-meat-beast-sucedanea-vegana-227-g-2/p,https://jumbo.vteximg.com.br/arquivos/ids/458939-360-360?width=360&height=360&aspect=true
26,https://www.jumbo.cl/yuca-sabor-peruano-500-g/p,https://jumbo.vteximg.com.br/arquivos/ids/447631-360-360?width=360&height=360&aspect=true
27,https://www.jumbo.cl/cebolla-picada-minuto-verde-250-g/p,https://jumbo.vteximg.com.br/arquivos/ids/312331-360-360?width=360&height=360&aspect=true
28,https://www.jumbo.cl/helado-savory-1-l-pasas-al-ron/p,https://jumbo.vteximg.com.br/arquivos/ids/424353-360-360?width=360&height=360&aspect=true
29,https://www.jumbo.cl/postre-helado-san-francisco-de-loncomilla-1-l-chocolate-nuss-premium/p,https://jumbo.vteximg.com.br/arquivos/ids/464937-360-360?width=360&height=360&aspect=true
30,https://www.jumbo.cl/hamburguesa-de-pollo-la-crianza-caja-10-unid-congelado-premium-2/p,https://jumbo.vteximg.com.br/arquivos/ids/310956-360-360?width=360&height=360&aspect=true
31,https://www.jumbo.cl/croqueta-de-pollo-super-pollo-congelado-bolsa-1-unidad-80-g/p,https://jumbo.vteximg.com.br/arquivos/ids/411804-360-360?width=360&height=360&aspect=true
32,https://www.jumbo.cl/smoothie-energy-frutos-del-maipo-500g-1866931/p,https://jumbo.vteximg.com.br/arquivos/ids/419089-360-360?width=360&height=360&aspect=true
33,https://www.jumbo.cl/helado-bresler-pote-vainilla-2-4l-1860113/p,https://jumbo.vteximg.com.br/arquivos/ids/453036-360-360?width=360&height=360&aspect=true
34,https://www.jumbo.cl/helado-chocolate-blanco-frambuesa-1-l/p,https://jumbo.vteximg.com.br/arquivos/ids/431865-360-360?width=360&height=360&aspect=true
35,https://www.jumbo.cl/helado-paleta-multipack-5-un-55-ml-c-u/p,https://jumbo.vteximg.com.br/arquivos/ids/429484-360-360?width=360&height=360&aspect=true
36,https://www.jumbo.cl/pizza-americana-deluxe-congelada-660-g-cuisine-and-co-1839874/p,https://jumbo.vteximg.com.br/arquivos/ids/410635-360-360?width=360&height=360&aspect=true
37,https://www.jumbo.cl/pizza-americana-pepperoni-congelada-660-g-cuisine-and-co-1839873/p,https://jumbo.vteximg.com.br/arquivos/ids/410633-360-360?width=360&height=360&aspect=true
38,https://www.jumbo.cl/helado-limon-menta-jengibre-5-un-48-g-c-u/p,https://jumbo.vteximg.com.br/arquivos/ids/346377-360-360?width=360&height=360&aspect=true
39,https://www.jumbo.cl/hamburguesa-de-porotos-negros-400-g/p,https://jumbo.vteximg.com.br/arquivos/ids/325211-360-360?width=360&height=360&aspect=true
40,https://www.jumbo.cl/longaniza-hot-itali-veg-beyond-meat-400g/p,https://jumbo.vteximg.com.br/arquivos/ids/336555-360-360?width=360&height=360&aspect=true
41,https://www.jumbo.cl/pizzeta-mix-congelada-825-g-cuisine-and-co-1772246/p,https://jumbo.vteximg.com.br/arquivos/ids/409943-360-360?width=360&height=360&aspect=true
42,https://www.jumbo.cl/suspiro-limeno-cuk-140-g/p,https://jumbo.vteximg.com.br/arquivos/ids/442291-360-360?width=360&height=360&aspect=true
43,https://www.jumbo.cl/hamburguesa-mollendo-185-g-angus-black-beef/p,https://jumbo.vteximg.com.br/arquivos/ids/324111-360-360?width=360&height=360&aspect=true
44,https://www.jumbo.cl/mix-smoothie-minuto-verde-red-antioxidante-500-g/p,https://jumbo.vteximg.com.br/arquivos/ids/312347-360-360?width=360&height=360&aspect=true
45,https://www.jumbo.cl/pizza-pf-listo-congelada-pepperoni-430-g/p,https://jumbo.vteximg.com.br/arquivos/ids/271879-360-360?width=360&height=360&aspect=true
46,https://www.jumbo.cl/mini-helados-sahne-nuss-savory-5-unid-x-80-ml-c-u/p,https://jumbo.vteximg.com.br/arquivos/ids/434300-360-360?width=360&height=360&aspect=true
47,https://www.jumbo.cl/gyozas-de-camaron-alimentos-shen-300-g/p,https://jumbo.vteximg.com.br/arquivos/ids/319384-360-360?width=360&height=360&aspect=true
48,https://www.jumbo.cl/zapallo-italiano-minuto-verde-500-g-en-rodajas-congelado-2/p,https://jumbo.vteximg.com.br/arquivos/ids/312183-360-360?width=360&height=360&aspect=true
49,https://www.jumbo.cl/helado-savory-1-l-tres-leches/p,https://jumbo.vteximg.com.br/arquivos/ids/424360-360-360?width=360&height=360&aspect=true
50,https://www.jumbo.cl/helado-de-agua-san-francisco-de-loncomilla-1-l-frambuesa/p,https://jumbo.vteximg.com.br/arquivos/ids/464893-360-360?width=360&height=360&aspect=true
51,https://www.jumbo.cl/hamburguesa-de-pollo-receta-del-abuelo-100-g-2/p,https://jumbo.vteximg.com.br/arquivos/ids/426069-360-360?width=360&height=360&aspect=true
52,https://www.jumbo.cl/porotos-con-mazamorra-frutos-del-maipo-bolsa-1-kg/p,https://jumbo.vteximg.com.br/arquivos/ids/423319-360-360?width=360&height=360&aspect=true
53,https://www.jumbo.cl/barra-de-fruta-guallarauco-caja-360-cc-6-unid-chirimoya/p,https://jumbo.vteximg.com.br/arquivos/ids/471722-360-360?width=360&height=360&aspect=true
54,https://www.jumbo.cl/helado-yogen-fr-z-mango-maracuya-800-ml/p,https://jumbo.vteximg.com.br/arquivos/ids/312358-360-360?width=360&height=360&aspect=true
55,https://www.jumbo.cl/mini-quiche-pollo-ciboulette-congelada-360-g-cuisine-and-co-1772248/p,https://jumbo.vteximg.com.br/arquivos/ids/301487-360-360?width=360&height=360&aspect=true
56,https://www.jumbo.cl/hamburguesa-pimientos-asados-tivoni-100g/p,https://jumbo.vteximg.com.br/arquivos/ids/288094-360-360?width=360&height=360&aspect=true
57,https://www.jumbo.cl/helado-la-cremeria-savory-tres-leches-1-l/p,https://jumbo.vteximg.com.br/arquivos/ids/325454-360-360?width=360&height=360&aspect=true
58,https://www.jumbo.cl/hel-super-premium-vainilla-francesa-1-lt/p,https://jumbo.vteximg.com.br/arquivos/ids/469951-360-360?width=360&height=360&aspect=true
59,https://www.jumbo.cl/mousse-choc-fram-sin-azucar-120g/p,https://jumbo.vteximg.com.br/arquivos/ids/442277-360-360?width=360&height=360&aspect=true
60,https://www.jumbo.cl/camote-trozos-minuto-verde-400g/p,https://jumbo.vteximg.com.br/arquivos/ids/312483-360-360?width=360&height=360&aspect=true
61,https://www.jumbo.cl/pizza-vegetariana-congelada-pf-465-g/p,https://jumbo.vteximg.com.br/arquivos/ids/271884-360-360?width=360&height=360&aspect=true
62,https://www.jumbo.cl/mix-del-huerto-frutos-del-maipo-500-g/p,https://jumbo.vteximg.com.br/arquivos/ids/347811-360-360?width=360&height=360&aspect=true
63,https://www.jumbo.cl/mix-smoothie-minuto-verde-green-desintoxicante-500-g/p,https://jumbo.vteximg.com.br/arquivos/ids/312346-360-360?width=360&height=360&aspect=true
64,https://www.jumbo.cl/helado-haagen-dazs-473-cc-strawberry/p,https://jumbo.vteximg.com.br/arquivos/ids/333142-360-360?width=360&height=360&aspect=true
65,https://www.jumbo.cl/helado-de-fruta-guallarauco-900-ml-sabor-chirimoya/p,https://jumbo.vteximg.com.br/arquivos/ids/471729-360-360?width=360&height=360&aspect=true
66,https://www.jumbo.cl/helado-emporio-la-rosa-800-cc-dulce-de-leche/p,https://jumbo.vteximg.com.br/arquivos/ids/348484-360-360?width=360&height=360&aspect=true
67,https://www.jumbo.cl/hel-anhelado-dulce-de-leche-473ml-1905719/p,https://jumbo.vteximg.com.br/arquivos/ids/499564-360-360?width=360&height=360&aspect=true
68,https://www.jumbo.cl/caja-hamb-vac-capital-blend-600g-1921654/p,https://jumbo.vteximg.com.br/arquivos/ids/479592-360-360?width=360&height=360&aspect=true
69,https://www.jumbo.cl/helado-freddo-dark-chocolate-375gr-1923115/p,https://jumbo.vteximg.com.br/arquivos/ids/499650-360-360?width=360&height=360&aspect=true
70,https://www.jumbo.cl/hel-chocorisimo-chocolate-suizo-460ml-1913549/p,https://jumbo.vteximg.com.br/arquivos/ids/473186-360-360?width=360&height=360&aspect=true
71,https://www.jumbo.cl/hel-haagen-dasz-choco-belga-vaini-420ml-1901538/p,https://jumbo.vteximg.com.br/arquivos/ids/466466-360-360?width=360&height=360&aspect=true
72,https://www.jumbo.cl/hel-trendy-brownie-vainilla-2-5-lts-1895131/p,https://jumbo.vteximg.com.br/arquivos/ids/459233-360-360?width=360&height=360&aspect=true
73,https://www.jumbo.cl/hel-protein-ice-alt-en-prot-coc-chi-349g-1871737/p,https://jumbo.vteximg.com.br/arquivos/ids/459799-360-360?width=360&height=360&aspect=true
74,https://www.jumbo.cl/hel-bravissimo-frutilla-a-la-crema-900ml-1889843/p,https://jumbo.vteximg.com.br/arquivos/ids/460306-360-360?width=360&height=360&aspect=true
75,https://www.jumbo.cl/hel-artisan-pina-rapa-nui-476ml-1879609/p,https://jumbo.vteximg.com.br/arquivos/ids/446075-360-360?width=360&height=360&aspect=true
76,https://www.jumbo.cl/hel-mpack-zenzero-keto-prot-choc-3unx55g-1861065/p,https://jumbo.vteximg.com.br/arquivos/ids/434236-360-360?width=360&height=360&aspect=true
77,https://www.jumbo.cl/hel-emp-la-rosa-manjar-blan-choco-550gr-1876049/p,https://jumbo.vteximg.com.br/arquivos/ids/436466-360-360?width=360&height=360&aspect=true
78,https://www.jumbo.cl/hel-vegano-live-green-choco-almend-315gr-1862155/p,https://jumbo.vteximg.com.br/arquivos/ids/430365-360-360?width=360&height=360&aspect=true
79,https://www.jumbo.cl/hel-mpack-emp-la-rosa-dulce-leche-4x60ml/p,https://jumbo.vteximg.com.br/arquivos/ids/427780-360-360?width=360&height=360&aspect=true
80,https://www.jumbo.cl/hel-bresler-frugele-tri-fra-lim-man-2-4l-1862147/p,https://jumbo.vteximg.com.br/arquivos/ids/453042-360-360?width=360&height=360&aspect=true
81,https://www.jumbo.cl/hamburguesa-quinoa-mediterranea/p,https://jumbo.vteximg.com.br/arquivos/ids/352306-360-360?width=360&height=360&aspect=true
82,https://www.jumbo.cl/helado-cookies-cream-pote-1-l/p,https://jumbo.vteximg.com.br/arquivos/ids/346111-360-360?width=360&height=360&aspect=true
83,https://www.jumbo.cl/sucedaneo-carne-molida-454-g/p,https://jumbo.vteximg.com.br/arquivos/ids/336563-360-360?width=360&height=360&aspect=true
84,https://www.jumbo.cl/helado-cookies-and-cream-5-un-53-g-c-u/p,https://jumbo.vteximg.com.br/arquivos/ids/346374-360-360?width=360&height=360&aspect=true
85,https://www.jumbo.cl/helado-tabletas-de-dulce-de-leche-6-un-300-g/p,https://jumbo.vteximg.com.br/arquivos/ids/327284-360-360?width=360&height=360&aspect=true
86,https://www.jumbo.cl/helado-dulce-de-leche-clasico-375-ml/p,https://jumbo.vteximg.com.br/arquivos/ids/327110-360-360?width=360&height=360&aspect=true
87,https://www.jumbo.cl/hamburguesa-tres-quinoas-200-g/p,https://jumbo.vteximg.com.br/arquivos/ids/326671-360-360?width=360&height=360&aspect=true
88,https://www.jumbo.cl/frut-cong-mango-mambo-campo-verde-1360-g-2/p,https://jumbo.vteximg.com.br/arquivos/ids/426774-360-360?width=360&height=360&aspect=true
89,https://www.jumbo.cl/helado-choco-menta-san-francisco-premium-1-l/p,https://jumbo.vteximg.com.br/arquivos/ids/469899-360-360?width=360&height=360&aspect=true
90,https://www.jumbo.cl/postre-helado-bresler-1-l-vainilla/p,https://jumbo.vteximg.com.br/arquivos/ids/452785-360-360?width=360&height=360&aspect=true
91,https://www.jumbo.cl/postre-helado-bresler-1-l-carte-dor-almendrado-chocolate-y-vainilla-con-almendras-caramelizadas/p,https://jumbo.vteximg.com.br/arquivos/ids/453147-360-360?width=360&height=360&aspect=true
92,https://www.jumbo.cl/hel-anhelado-frustos-del-bosque-473ml-1905723/p,https://jumbo.vteximg.com.br/arquivos/ids/499607-360-360?width=360&height=360&aspect=true
93,https://www.jumbo.cl/hel-chocorisimo-dulce-leche-chips-460ml-1913551/p,https://jumbo.vteximg.com.br/arquivos/ids/473192-360-360?width=360&height=360&aspect=true
94,https://www.jumbo.cl/hel-bresler-rolls-blanco-pote-900ml-1898149/p,https://jumbo.vteximg.com.br/arquivos/ids/463699-360-360?width=360&height=360&aspect=true
95,https://www.jumbo.cl/hel-chocorisimo-frutilla-460ml-1913553/p,https://jumbo.vteximg.com.br/arquivos/ids/473198-360-360?width=360&height=360&aspect=true
96,https://www.jumbo.cl/hel-chocorisimo-cookies-and-cream-460ml-1913550/p,https://jumbo.vteximg.com.br/arquivos/ids/473190-360-360?width=360&height=360&aspect=true
97,https://www.jumbo.cl/postre-menta-chocolate-cuk-1-3kg-1897984/p,https://jumbo.vteximg.com.br/arquivos/ids/463537-360-360?width=360&height=360&aspect=true
98,https://www.jumbo.cl/hel-mpack-veg-daiya-s-caramel-4un-75ml-1900140/p,https://jumbo.vteximg.com.br/arquivos/ids/462425-360-360?width=360&height=360&aspect=true
99,https://www.jumbo.cl/pulled-pork-veg-meatless-250g-1884820/p,https://jumbo.vteximg.com.br/arquivos/ids/461427-360-360?width=360&height=360&aspect=true
100,https://www.jumbo.cl/mousse-choc-praline-fram-vegano-cuk-140g-1880308/p,https://jumbo.vteximg.com.br/arquivos/ids/453543-360-360?width=360&height=360&aspect=true
101,https://www.jumbo.cl/mousse-choc-naranja-vegano-cuk-140g-1880309/p,https://jumbo.vteximg.com.br/arquivos/ids/453545-360-360?width=360&height=360&aspect=true
102,https://www.jumbo.cl/helado-alphonso-mango-473-ml/p,https://jumbo.vteximg.com.br/arquivos/ids/317897-360-360?width=360&height=360&aspect=true
103,https://www.jumbo.cl/postre-helado-vainilla-chocolate-viennetta-bresler-1-l/p,https://jumbo.vteximg.com.br/arquivos/ids/453182-360-360?width=360&height=360&aspect=true
104,https://www.jumbo.cl/hamburguesa-americana-185-g/p,https://jumbo.vteximg.com.br/arquivos/ids/410375-360-360?width=360&height=360&aspect=true
105,https://www.jumbo.cl/nugget-popcorn-pollo-salchicha-300-g/p,https://jumbo.vteximg.com.br/arquivos/ids/308600-360-360?width=360&height=360&aspect=true
106,https://www.jumbo.cl/nugguet-popcorn-pollo-cebolla-crema-300-g/p,https://jumbo.vteximg.com.br/arquivos/ids/308599-360-360?width=360&height=360&aspect=true
107,https://www.jumbo.cl/yuca-amarilla-mitades-minuto-verde-400g/p,https://jumbo.vteximg.com.br/arquivos/ids/312486-360-360?width=360&height=360&aspect=true
108,https://www.jumbo.cl/helado-sin-lactosa-chocolate-naranja-coppelia-800-ml/p,https://jumbo.vteximg.com.br/arquivos/ids/426761-360-360?width=360&height=360&aspect=true
109,https://www.jumbo.cl/helado-vainilla-h-agen-dazs-473-cc/p,https://jumbo.vteximg.com.br/arquivos/ids/333144-360-360?width=360&height=360&aspect=true
110,https://www.jumbo.cl/suprema-de-pollo-jamon-y-queso-receta-del-abuelo-120-g/p,https://jumbo.vteximg.com.br/arquivos/ids/426764-360-360?width=360&height=360&aspect=true
111,https://www.jumbo.cl/nuggets-de-soya-mr-veggie-400-g/p,https://jumbo.vteximg.com.br/arquivos/ids/426763-360-360?width=360&height=360&aspect=true
112,https://www.jumbo.cl/helado-savory-1-l-lucuma/p,https://jumbo.vteximg.com.br/arquivos/ids/431868-360-360?width=360&height=360&aspect=true
113,https://www.jumbo.cl/helado-savory-1-l-chocolate/p,https://jumbo.vteximg.com.br/arquivos/ids/432157-360-360?width=360&height=360&aspect=true
114,https://www.jumbo.cl/postre-helado-bresler-1-l-pina/p,https://jumbo.vteximg.com.br/arquivos/ids/452786-360-360?width=360&height=360&aspect=true
115,https://www.jumbo.cl/galletas-club-social-234-g-cu-9-unid-sabor-original/p,https://jumbo.vteximg.com.br/arquivos/ids/456395-360-360?width=360&height=360&aspect=true
116,https://www.jumbo.cl/azucar-blanca-granulada-iansa-1-kg/p,https://jumbo.vteximg.com.br/arquivos/ids/470718-360-360?width=360&height=360&aspect=true
117,https://www.jumbo.cl/galleta-naranja-suave-300-g/p,https://jumbo.vteximg.com.br/arquivos/ids/348619-360-360?width=360&height=360&aspect=true
118,https://www.jumbo.cl/cacao-amargo-copacabana-caja-150-g-en-polvo-2/p,https://jumbo.vteximg.com.br/arquivos/ids/438834-360-360?width=360&height=360&aspect=true
119,https://www.jumbo.cl/avena-quaker-multisemilla-proteina-346gr-1871848/p,https://jumbo.vteximg.com.br/arquivos/ids/435265-360-360?width=360&height=360&aspect=true
120,https://www.jumbo.cl/mermelada-watts-regular-doypack-damasco-400-g/p,https://jumbo.vteximg.com.br/arquivos/ids/485319-360-360?width=360&height=360&aspect=true
121,https://www.jumbo.cl/barra-protein-snack-choco-crispis-5x42g/p,https://jumbo.vteximg.com.br/arquivos/ids/369603-360-360?width=360&height=360&aspect=true
122,https://www.jumbo.cl/mermelada-durazno-sin-azucar-200-g-cuisine-and-co-1844841/p,https://jumbo.vteximg.com.br/arquivos/ids/391870-360-360?width=360&height=360&aspect=true
123,https://www.jumbo.cl/pack-6-galletas-oreo-chocolate-216-g/p,https://jumbo.vteximg.com.br/arquivos/ids/455866-360-360?width=360&height=360&aspect=true
124,https://www.jumbo.cl/cereal-kids-anillos-frutal-en-linea-330-g/p,https://jumbo.vteximg.com.br/arquivos/ids/225621-360-360?width=360&height=360&aspect=true
125,https://www.jumbo.cl/te-supremo-earl-grey-50bls-1926430/p,https://jumbo.vteximg.com.br/arquivos/ids/486227-360-360?width=360&height=360&aspect=true
126,https://www.jumbo.cl/chocolate-schogetten-amargo-avellana-100-g/p,https://jumbo.vteximg.com.br/arquivos/ids/421978-360-360?width=360&height=360&aspect=true
127,https://www.jumbo.cl/te-stash-35-g-caja-18-bolsas-chocolate-y-menta/p,https://jumbo.vteximg.com.br/arquivos/ids/474227-360-360?width=360&height=360&aspect=true
128,https://www.jumbo.cl/tort-choc-neg-naranja-bicentury-4x2-139g-1857205/p,https://jumbo.vteximg.com.br/arquivos/ids/437897-360-360?width=360&height=360&aspect=true
129,https://www.jumbo.cl/mermelada-durazno-frasco-320-g/p,https://jumbo.vteximg.com.br/arquivos/ids/438131-360-360?width=360&height=360&aspect=true
130,https://www.jumbo.cl/te-ets-jengibre-durazno-20-bolsitas/p,https://jumbo.vteximg.com.br/arquivos/ids/422036-360-360?width=360&height=360&aspect=true
131,https://www.jumbo.cl/miel-terra-andes-hierba-azul-400-gr/p,https://jumbo.vteximg.com.br/arquivos/ids/337174-360-360?width=360&height=360&aspect=true
132,https://www.jumbo.cl/galletas-integrales-ecovida-relleno-de-higo-150-g/p,https://jumbo.vteximg.com.br/arquivos/ids/435012-360-360?width=360&height=360&aspect=true
133,https://www.jumbo.cl/bombones-chocolate-pera-berggold-250-g/p,https://jumbo.vteximg.com.br/arquivos/ids/162536-360-360?width=360&height=360&aspect=true
134,https://www.jumbo.cl/cafe-descafeinado-must-16cap-112g-1894064/p,https://jumbo.vteximg.com.br/arquivos/ids/480536-360-360?width=360&height=360&aspect=true
135,https://www.jumbo.cl/chocolate-barra-72-dark-100-g/p,https://jumbo.vteximg.com.br/arquivos/ids/499060-360-360?width=360&height=360&aspect=true
136,https://www.jumbo.cl/jabon-espuma-coco-300-ml/p,https://jumbo.vteximg.com.br/arquivos/ids/422352-360-360?width=360&height=360&aspect=true
137,https://www.jumbo.cl/jab-liq-ballerina-cr-karite-dp-900ml-1897041/p,https://jumbo.vteximg.com.br/arquivos/ids/487970-360-360?width=360&height=360&aspect=true
138,https://www.jumbo.cl/shampoo-almendra-dulce-250-ml/p,https://jumbo.vteximg.com.br/arquivos/ids/361294-360-360?width=360&height=360&aspect=true
139,https://www.jumbo.cl/acondicionar-pantene-pro-v-3-minute-miracle-hidratacion-extrema-170ml/p,https://jumbo.vteximg.com.br/arquivos/ids/506966-360-360?width=360&height=360&aspect=true
140,https://www.jumbo.cl/crema-para-peinar-argan-aceite-de-morocco-300-ml/p,https://jumbo.vteximg.com.br/arquivos/ids/496682-360-360?width=360&height=360&aspect=true
141,https://www.jumbo.cl/crema-cicatrizante-aquaphor-2-un-10-ml-c-u/p,https://jumbo.vteximg.com.br/arquivos/ids/363386-360-360?width=360&height=360&aspect=true
142,https://www.jumbo.cl/shampoo-fructis-hair-food-aguacate-300ml/p,https://jumbo.vteximg.com.br/arquivos/ids/473311-360-360?width=360&height=360&aspect=true
143,https://www.jumbo.cl/m-quina-de-afeitar-venus-pink/p,https://jumbo.vteximg.com.br/arquivos/ids/496276-360-360?width=360&height=360&aspect=true
144,https://www.jumbo.cl/vino-gato-sel-dulce-1500cc-0-4gl-1878580/p,https://jumbo.vteximg.com.br/arquivos/ids/445931-360-360?width=360&height=360&aspect=true
145,https://www.jumbo.cl/rose-misiones-de-rengo-750-cc/p,https://jumbo.vteximg.com.br/arquivos/ids/412546-360-360?width=360&height=360&aspect=true
146,https://www.jumbo.cl/vino-tagua-t-res-carmenere-750cc-13-alc-1887095/p,https://jumbo.vteximg.com.br/arquivos/ids/447983-360-360?width=360&height=360&aspect=true
147,https://www.jumbo.cl/chardonnay-oveja-negra-750-ml-reserva/p,https://jumbo.vteximg.com.br/arquivos/ids/509675-360-360?width=360&height=360&aspect=true
148,https://www.jumbo.cl/cerveza-morenita-lata-350-cc-malta-negra-nacional/p,https://jumbo.vteximg.com.br/arquivos/ids/293479-360-360?width=360&height=360&aspect=true
149,https://www.jumbo.cl/carmenere-vina-caliterra-750-cc-reserva/p,https://jumbo.vteximg.com.br/arquivos/ids/502357-360-360?width=360&height=360&aspect=true
150,https://www.jumbo.cl/cerveza-erdinger-botella-500-cc-weibber-importada/p,https://jumbo.vteximg.com.br/arquivos/ids/352173-360-360?width=360&height=360&aspect=true
151,https://www.jumbo.cl/cerveza-sin-alcohol-mestra-330-cc/p,https://jumbo.vteximg.com.br/arquivos/ids/311087-360-360?width=360&height=360&aspect=true
152,https://www.jumbo.cl/vino-montes-alpha-cuvee-cs-14g-bot-750cc/p,https://jumbo.vteximg.com.br/arquivos/ids/352266-360-360?width=360&height=360&aspect=true
153,https://www.jumbo.cl/vino-haras-de-pirque-hussonet-cabernet-sauvignon-750-cc/p,https://jumbo.vteximg.com.br/arquivos/ids/372183-360-360?width=360&height=360&aspect=true
154,https://www.jumbo.cl/carmenere-vina-arauco-750-ml-reserva/p,https://jumbo.vteximg.com.br/arquivos/ids/286358-360-360?width=360&height=360&aspect=true
155,https://www.jumbo.cl/pasta-de-aceitunas-verdes-oliomio-200-g/p,https://jumbo.vteximg.com.br/arquivos/ids/304272-360-360?width=360&height=360&aspect=true
156,https://www.jumbo.cl/flex-nz-60-caps-wf-1899274/p,https://jumbo.vteximg.com.br/arquivos/ids/465560-360-360?width=360&height=360&aspect=true
157,https://www.jumbo.cl/thermo-fat-hardcore-2-0-120-caps-sl-1833698/p,https://jumbo.vteximg.com.br/arquivos/ids/425364-360-360?width=360&height=360&aspect=true
158,https://www.jumbo.cl/probiotix-high-potency-30-caps/p,https://jumbo.vteximg.com.br/arquivos/ids/360194-360-360?width=360&height=360&aspect=true
159,https://www.jumbo.cl/cloro-piscina-impeke-10kg-1895071/p,https://jumbo.vteximg.com.br/arquivos/ids/462686-360-360?width=360&height=360&aspect=true
160,https://www.jumbo.cl/cinta-masking-scotch-24mm-x-40mts-1871143/p,https://jumbo.vteximg.com.br/arquivos/ids/458033-360-360?width=360&height=360&aspect=true
161,https://www.jumbo.cl/pack-energizer-aax8-aaax4/p,https://jumbo.vteximg.com.br/arquivos/ids/358278-360-360?width=360&height=360&aspect=true
162,https://www.jumbo.cl/cloro-granulado-aguacol-1kg/p,https://jumbo.vteximg.com.br/arquivos/ids/338000-360-360?width=360&height=360&aspect=true
163,https://www.jumbo.cl/pilas-duracell-2-unid-pila-alcalina-aaa/p,https://jumbo.vteximg.com.br/arquivos/ids/458946-360-360?width=360&height=360&aspect=true
164,https://www.jumbo.cl/alargador-multiple-macrotel-6-posic/p,https://jumbo.vteximg.com.br/arquivos/ids/164335-360-360?width=360&height=360&aspect=true
165,https://www.jumbo.cl/mani-salado-marco-polo-bolsa-430-g/p,https://jumbo.vteximg.com.br/arquivos/ids/495631-360-360?width=360&height=360&aspect=true
166,https://www.jumbo.cl/nidos-de-fettuccini-talliani-bolsa-400-g-con-huevos-frescos/p,https://jumbo.vteximg.com.br/arquivos/ids/438728-360-360?width=360&height=360&aspect=true
167,https://www.jumbo.cl/sopa-individual-gourmet-sobre-15-g-consome-de-pollo-sopa-para-uno-2/p,https://jumbo.vteximg.com.br/arquivos/ids/417509-360-360?width=360&height=360&aspect=true
168,https://www.jumbo.cl/aceitunas-verdes-fragata-lata-200-g-rellenas-de-pimiento/p,https://jumbo.vteximg.com.br/arquivos/ids/395804-360-360?width=360&height=360&aspect=true
169,https://www.jumbo.cl/compota-watts-pera-90g-1914570/p,https://jumbo.vteximg.com.br/arquivos/ids/485328-360-360?width=360&height=360&aspect=true
170,https://www.jumbo.cl/atun-lomitos-en-agua-drenado-lata-104-g/p,https://jumbo.vteximg.com.br/arquivos/ids/357533-360-360?width=360&height=360&aspect=true
171,https://www.jumbo.cl/crunchis-sufle-de-papa-marco-polo-280g/p,https://jumbo.vteximg.com.br/arquivos/ids/409963-360-360?width=360&height=360&aspect=true
172,https://www.jumbo.cl/aceite-de-canola-belmont-1-l-100-vegetal/p,https://jumbo.vteximg.com.br/arquivos/ids/485052-360-360?width=360&height=360&aspect=true
173,https://www.jumbo.cl/atun-lomitos-en-agua-otuna-354-g/p,https://jumbo.vteximg.com.br/arquivos/ids/342381-360-360?width=360&height=360&aspect=true
174,https://www.jumbo.cl/popcorn-act-ii-bolsa-91-g-mantequilla-para-microondas-2/p,https://jumbo.vteximg.com.br/arquivos/ids/396226-360-360?width=360&height=360&aspect=true
175,https://www.jumbo.cl/ketchup-american-classic-907-g-upsd/p,https://jumbo.vteximg.com.br/arquivos/ids/177223-360-360?width=360&height=360&aspect=true
176,https://www.jumbo.cl/pure-de-papas-instantaneo-alcafood-250-g-tradicional/p,https://jumbo.vteximg.com.br/arquivos/ids/398260-360-360?width=360&height=360&aspect=true
177,https://www.jumbo.cl/salsa-para-postres-ambrosoli-magica-sabor-chocolate-solidifica-sobre-helado-215-grs-2/p,https://jumbo.vteximg.com.br/arquivos/ids/453165-360-360?width=360&height=360&aspect=true
178,https://www.jumbo.cl/harina-sin-polvos-de-hornear-mont-blanc-bolsa-5-kg-2/p,https://jumbo.vteximg.com.br/arquivos/ids/453088-360-360?width=360&height=360&aspect=true
179,https://www.jumbo.cl/gelatina-daily-225-g-sabor-frambuesa-con-stevia/p,https://jumbo.vteximg.com.br/arquivos/ids/476553-360-360?width=360&height=360&aspect=true
180,https://www.jumbo.cl/vinagre-de-vino-blanco-higueras-botella-500-cc/p,https://jumbo.vteximg.com.br/arquivos/ids/417649-360-360?width=360&height=360&aspect=true
181,https://www.jumbo.cl/almendras-marco-polo-saladas-con-miel-envase-80-grs/p,https://jumbo.vteximg.com.br/arquivos/ids/396111-360-360?width=360&height=360&aspect=true
182,https://www.jumbo.cl/doritos-dinamita-limon-160-gr/p,https://jumbo.vteximg.com.br/arquivos/ids/484311-360-360?width=360&height=360&aspect=true
183,https://www.jumbo.cl/mix-camote-terra-170-gr-1899695/p,https://jumbo.vteximg.com.br/arquivos/ids/460701-360-360?width=360&height=360&aspect=true
184,https://www.jumbo.cl/aderezo-para-ensaladas-yoghurt-k-hne-250-cc/p,https://jumbo.vteximg.com.br/arquivos/ids/181237-360-360?width=360&height=360&aspect=true
185,https://www.jumbo.cl/choritos-robinson-crusoe-lata-100-g-drenado-190-g-neto-en-salsa-picante/p,https://jumbo.vteximg.com.br/arquivos/ids/447772-360-360?width=360&height=360&aspect=true
186,https://www.jumbo.cl/aceite-de-oliva-250-cc-aceto-250-cc/p,https://jumbo.vteximg.com.br/arquivos/ids/160389-360-360?width=360&height=360&aspect=true
187,https://www.jumbo.cl/sopa-gourmet-costilla-natural-60gr-1923898/p,https://jumbo.vteximg.com.br/arquivos/ids/482252-360-360?width=360&height=360&aspect=true
188,https://www.jumbo.cl/mani-flamin-hot-maniax-150-gr-1897102/p,https://jumbo.vteximg.com.br/arquivos/ids/459854-360-360?width=360&height=360&aspect=true
189,https://www.jumbo.cl/aceite-de-oliva-la-espanola-madrid-500-ml/p,https://jumbo.vteximg.com.br/arquivos/ids/350058-360-360?width=360&height=360&aspect=true
190,https://www.jumbo.cl/jengibre-molido-carmencita-37g/p,https://jumbo.vteximg.com.br/arquivos/ids/438304-360-360?width=360&height=360&aspect=true
191,https://www.jumbo.cl/molinillo-sazon-mediter-carmencita-216g/p,https://jumbo.vteximg.com.br/arquivos/ids/438296-360-360?width=360&height=360&aspect=true
192,https://www.jumbo.cl/arroz-grado-2-tucapel-gran-seleccion-3-kg/p,https://jumbo.vteximg.com.br/arquivos/ids/458987-360-360?width=360&height=360&aspect=true
193,https://www.jumbo.cl/perejil-badia-56-g/p,https://jumbo.vteximg.com.br/arquivos/ids/220814-360-360?width=360&height=360&aspect=true
194,https://www.jumbo.cl/pesto-barilla-200-g/p,https://jumbo.vteximg.com.br/arquivos/ids/175431-360-360?width=360&height=360&aspect=true
195,https://www.jumbo.cl/peras-en-mitades-al-jugo-perello-320-g-drenado/p,https://jumbo.vteximg.com.br/arquivos/ids/180336-360-360?width=360&height=360&aspect=true
196,https://www.jumbo.cl/aceite-de-oliva-deleyda-500-ml-premium/p,https://jumbo.vteximg.com.br/arquivos/ids/180023-360-360?width=360&height=360&aspect=true
197,https://www.jumbo.cl/caldo-de-costilla-maggi-80-g-vive-bien-8-tabletas/p,https://jumbo.vteximg.com.br/arquivos/ids/463737-360-360?width=360&height=360&aspect=true
198,https://www.jumbo.cl/garbanzos-bonduelle-310-g-al-vapor-2/p,https://jumbo.vteximg.com.br/arquivos/ids/162470-360-360?width=360&height=360&aspect=true
199,https://www.jumbo.cl/alcaparras-gourmet-frasco-110-g-cocktail-2/p,https://jumbo.vteximg.com.br/arquivos/ids/471352-360-360?width=360&height=360&aspect=true
200,https://www.jumbo.cl/albahaca-gourmet-frasco-11-grs/p,https://jumbo.vteximg.com.br/arquivos/ids/442079-360-360?width=360&height=360&aspect=true
201,https://www.jumbo.cl/sofrito-gourmet-sobre-80-g-con-trozos-de-ajo-y-cebolla/p,https://jumbo.vteximg.com.br/arquivos/ids/417497-360-360?width=360&height=360&aspect=true
202,https://www.jumbo.cl/salsa-picante-tabasco-botella-60-cc-a-base-de-vinagre-chile-rojo-y-sal/p,https://jumbo.vteximg.com.br/arquivos/ids/175650-360-360?width=360&height=360&aspect=true
203,https://www.jumbo.cl/aceitunas-nucete-doypack-450-g-en-rodajas/p,https://jumbo.vteximg.com.br/arquivos/ids/160478-360-360?width=360&height=360&aspect=true
204,https://www.jumbo.cl/palta-hass-jumbo-malla-1-kg/p,https://jumbo.vteximg.com.br/arquivos/ids/412165-360-360?width=360&height=360&aspect=true
205,https://www.jumbo.cl/chirimoya-granel/p,https://jumbo.vteximg.com.br/arquivos/ids/412367-360-360?width=360&height=360&aspect=true
206,https://www.jumbo.cl/menta-producto-exclusivo-jumbo-bandeja-30-g/p,https://jumbo.vteximg.com.br/arquivos/ids/432527-360-360?width=360&height=360&aspect=true
207,https://www.jumbo.cl/mix-pina-y-mango-420-g/p,https://jumbo.vteximg.com.br/arquivos/ids/369771-360-360?width=360&height=360&aspect=true
208,https://www.jumbo.cl/acelga-baby-bandeja-120-g/p,https://jumbo.vteximg.com.br/arquivos/ids/495512-360-360?width=360&height=360&aspect=true
209,https://www.jumbo.cl/melisa-hojas-verdes-6-g/p,https://jumbo.vteximg.com.br/arquivos/ids/425002-360-360?width=360&height=360&aspect=true
210,https://www.jumbo.cl/power-mix-nature-s-heart-150-g/p,https://jumbo.vteximg.com.br/arquivos/ids/371831-360-360?width=360&height=360&aspect=true
211,https://www.jumbo.cl/cloro-gel-tradicional-900-ml-home-care-1873787/p,https://jumbo.vteximg.com.br/arquivos/ids/448034-360-360?width=360&height=360&aspect=true
212,https://www.jumbo.cl/suavizante-downy-frescura-de-primavera-500ml/p,https://jumbo.vteximg.com.br/arquivos/ids/483189-360-360?width=360&height=360&aspect=true
213,https://www.jumbo.cl/toallitas-desinf-igenix-fres-cit-105un-1881560/p,https://jumbo.vteximg.com.br/arquivos/ids/465026-360-360?width=360&height=360&aspect=true
214,https://www.jumbo.cl/lavalozas-freemet-ecologico-500ml-2/p,https://jumbo.vteximg.com.br/arquivos/ids/439272-360-360?width=360&height=360&aspect=true
215,https://www.jumbo.cl/detergente-ace-natural-1-kg/p,https://jumbo.vteximg.com.br/arquivos/ids/503601-360-360?width=360&height=360&aspect=true
216,https://www.jumbo.cl/lustra-muebles-virginia-botella-240-ml-aceite/p,https://jumbo.vteximg.com.br/arquivos/ids/461285-360-360?width=360&height=360&aspect=true
217,https://www.jumbo.cl/shampoo-para-alfombras-y-tapices-excell-900-c/p,https://jumbo.vteximg.com.br/arquivos/ids/353754-360-360?width=360&height=360&aspect=true
218,https://www.jumbo.cl/desodorante-ambiental-air-wick-repuesto-el-ctrico-vainilla-3-unidades-de-21-ml-c-u/p,https://jumbo.vteximg.com.br/arquivos/ids/453700-360-360?width=360&height=360&aspect=true
219,https://www.jumbo.cl/limpiador-en-crema-mr-musculo-glade-floral-45/p,https://jumbo.vteximg.com.br/arquivos/ids/301076-360-360?width=360&height=360&aspect=true
220,https://www.jumbo.cl/guante-ultra-sensible-virutex-mediano-10-unid/p,https://jumbo.vteximg.com.br/arquivos/ids/430399-360-360?width=360&height=360&aspect=true
221,https://www.jumbo.cl/cera-crema-nugget-caoba-400-cc/p,https://jumbo.vteximg.com.br/arquivos/ids/283012-360-360?width=360&height=360&aspect=true
222,https://www.jumbo.cl/desodorante-electrico-recarga-manzana-canela-5-un-21-ml-c-u/p,https://jumbo.vteximg.com.br/arquivos/ids/453734-360-360?width=360&height=360&aspect=true
223,https://www.jumbo.cl/desinfectante-liquido-lavanda-doypack-420-ml/p,https://jumbo.vteximg.com.br/arquivos/ids/373560-360-360?width=360&height=360&aspect=true
224,https://www.jumbo.cl/desinfectante-liquido-lavanda-doypack-420-ml/p,https://jumbo.vteximg.com.br/arquivos/ids/373560-360-360?width=360&height=360&aspect=true
225,https://www.jumbo.cl/toallitas-desinfectantes-sanytol-48-unid/p,https://jumbo.vteximg.com.br/arquivos/ids/436117-360-360?width=360&height=360&aspect=true
226,https://www.jumbo.cl/cloro-gel-excell-lavanda-900cc/p,https://jumbo.vteximg.com.br/arquivos/ids/353817-360-360?width=360&height=360&aspect=true
227,https://www.jumbo.cl/desodorante-febreze-sprin-renewal-250-g/p,https://jumbo.vteximg.com.br/arquivos/ids/394684-360-360?width=360&height=360&aspect=true
228,https://www.jumbo.cl/yak-betun-tarro-incoloro-45-ml/p,https://jumbo.vteximg.com.br/arquivos/ids/338758-360-360?width=360&height=360&aspect=true
229,https://www.jumbo.cl/mopa-con-mango-comtex-de-algodon-con-rosca-un-2/p,https://jumbo.vteximg.com.br/arquivos/ids/166223-360-360?width=360&height=360&aspect=true
230,https://www.jumbo.cl/desodorante-ambiental-air-wick-freshmatic-recarga-vainilla-ex-tica-250-g/p,https://jumbo.vteximg.com.br/arquivos/ids/437606-360-360?width=360&height=360&aspect=true
231,https://www.jumbo.cl/impermeabilizante-virginia-nobuck-gamuza-120-g/p,https://jumbo.vteximg.com.br/arquivos/ids/461320-360-360?width=360&height=360&aspect=true
232,https://www.jumbo.cl/limpiador-en-crema-frosch-500-ml-lavanda/p,https://jumbo.vteximg.com.br/arquivos/ids/447681-360-360?width=360&height=360&aspect=true
233,https://www.jumbo.cl/yak-betun-tarro-negro-45-ml/p,https://jumbo.vteximg.com.br/arquivos/ids/338759-360-360?width=360&height=360&aspect=true
234,https://www.jumbo.cl/costillar-cerdo-americano-congelado-kg/p,https://jumbo.vteximg.com.br/arquivos/ids/473428-360-360?width=360&height=360&aspect=true
235,https://www.jumbo.cl/asiento-envasado-categor-a-v-granel-2/p,https://jumbo.vteximg.com.br/arquivos/ids/483309-360-360?width=360&height=360&aspect=true
236,https://www.jumbo.cl/punta-paleta-cat-v-21/p,https://jumbo.vteximg.com.br/arquivos/ids/430503-360-360?width=360&height=360&aspect=true
237,https://www.jumbo.cl/bebida-pap-zero-15-l-botella-desechable/p,https://jumbo.vteximg.com.br/arquivos/ids/395581-360-360?width=360&height=360&aspect=true
238,https://www.jumbo.cl/nectar-watts-15-l-tutti-frutilla-botella-boca-ancha-desechable/p,https://jumbo.vteximg.com.br/arquivos/ids/501035-360-360?width=360&height=360&aspect=true
239,https://www.jumbo.cl/rb-red-edition-250-ml/p,https://jumbo.vteximg.com.br/arquivos/ids/477518-360-360?width=360&height=360&aspect=true
240,https://www.jumbo.cl/jugo-livean-15-l-naranja-botella-boca-ancha-desechable/p,https://jumbo.vteximg.com.br/arquivos/ids/419047-360-360?width=360&height=360&aspect=true
241,https://www.jumbo.cl/pack-bebida-canada-dry-ginger-ale-6-unid-350-cc-c-u/p,https://jumbo.vteximg.com.br/arquivos/ids/398808-360-360?width=360&height=360&aspect=true
242,https://www.jumbo.cl/jugo-100-watts-fruta-nat-naranja-200ml-1921109/p,https://jumbo.vteximg.com.br/arquivos/ids/483160-360-360?width=360&height=360&aspect=true
243,https://www.jumbo.cl/agua-tonica-ginger-ale-imperdible-200-ml/p,https://jumbo.vteximg.com.br/arquivos/ids/325978-360-360?width=360&height=360&aspect=true
244,https://www.jumbo.cl/agua-mineral-con-gas-puyehue-500-cc-botella-desechable/p,https://jumbo.vteximg.com.br/arquivos/ids/467613-360-360?width=360&height=360&aspect=true
245,https://www.jumbo.cl/beb-func-reign-melon-mania-lata-473cc-1923736/p,https://jumbo.vteximg.com.br/arquivos/ids/477093-360-360?width=360&height=360&aspect=true
246,https://www.jumbo.cl/nectar-individual-watts-naranja-botella-boca-ancha-300-cc/p,https://jumbo.vteximg.com.br/arquivos/ids/159853-360-360?width=360&height=360&aspect=true
247,https://www.jumbo.cl/ref-polvo-sprim-frutos-del-bosque-25gr-1914068/p,https://jumbo.vteximg.com.br/arquivos/ids/495529-360-360?width=360&height=360&aspect=true
248,https://www.jumbo.cl/alimento-para-gatos-whiskas-carne-85-g/p,https://jumbo.vteximg.com.br/arquivos/ids/480618-360-360?width=360&height=360&aspect=true
249,https://www.jumbo.cl/juguete-para-perro-pet-station-n-5-1-unid/p,https://jumbo.vteximg.com.br/arquivos/ids/433809-360-360?width=360&height=360&aspect=true
250,https://www.jumbo.cl/shampoo-antiparasitario-para-perros-sinpul-30/p,https://jumbo.vteximg.com.br/arquivos/ids/166628-360-360?width=360&height=360&aspect=true
